split,shape_nl,height_lin,cat_m0,cat_m10,cat_m30,shape+cat
0,0.6373746482524147,0.6085402527151035,0.651296619306628,0.6522703510562767,0.653439284171269,0.6616709069281469
1,0.6463629023758793,0.6216457423040262,0.6564108082384696,0.6567840490850579,0.6583680900753255,0.6669243840526842
2,0.636656256001618,0.6158219854516633,0.6535371273011519,0.6527480731236749,0.6513643820847599,0.6608459762206207
3,0.6486724375598754,0.6163162059642066,0.6599173901386336,0.658217894440509,0.6584142013903906,0.6703737357864921
4,0.6463851830972338,0.6199033389513304,0.6768123652565704,0.6747283324509995,0.674653213433427,0.6795073821371904
5,0.6490770608895071,0.6143079925212843,0.6785246522577089,0.6777731372420589,0.6777339862464552,0.6840447495565366
6,0.6348426681861492,0.6118788674836879,0.6518627964640004,0.6530800675925785,0.6536317566589978,0.6616457705424091
7,0.6426274785995951,0.6189923672940577,0.6559789086309679,0.6560195036102251,0.6542104863169113,0.663369729591544
8,0.6446005965816752,0.6131392428248823,0.6391429638393304,0.6406741826575953,0.6449888456597247,0.6542607991472433
9,0.6502393326921625,0.6146037262267564,0.6743893976069812,0.6750039260993734,0.6745273003352746,0.6797577123818738
10,0.6541698966145508,0.6137090259151419,0.6672714881657318,0.6676288568704494,0.6681696565353655,0.677363792048714
11,0.6313807262780421,0.6143788184270048,0.654284066152582,0.6532024233571644,0.6480173006873511,0.6614157209852956
12,0.6496419716402017,0.6218738032874003,0.6663699451564339,0.6690234198752555,0.6703129187011668,0.6809746660184133
13,0.6488001534525495,0.621070554943472,0.6571816050738801,0.6580425119706443,0.6629407705024439,0.6680587691402451
14,0.6431341681117058,0.6145878463578837,0.6526242255239073,0.6504514246164835,0.6513458082693736,0.6587423569457357
15,0.6750675626206128,0.6352690272664633,0.6981367716501024,0.6993669210912381,0.6995993254941105,0.7056843088781134
16,0.6303731407332593,0.6082800869371663,0.6564272806700973,0.6557159273349394,0.6526563167192839,0.6630090068312239
17,0.6596762808471477,0.6239601503121565,0.686092822087593,0.6888238479576854,0.6884517392762548,0.6955988399250943
18,0.6430430458670217,0.6185331059886168,0.6458713884683781,0.6457910269122074,0.6519994359773786,0.662906567631832
19,0.6372441988012781,0.6184309109267722,0.6519723420327417,0.6528437475994108,0.6528486749269189,0.6646637904742047
20,0.6604652348528723,0.6283095999123419,0.6687042712574837,0.6687352204982084,0.672527434080174,0.6798777128824981
21,0.6463615852648,0.6227101086775074,0.6593293070142131,0.6624282766217747,0.6607486051307069,0.6688884044746795
22,0.6413442725593241,0.6087632644730854,0.6672246021911046,0.6665937792910248,0.6654012197692453,0.6718673320559883
23,0.6402934174920785,0.6077227666237639,0.6657216180039959,0.6649719148436048,0.661158234213201,0.6669015370721272
24,0.6298785076085707,0.5976952307014525,0.6565355681992142,0.654037659899768,0.6474552205225723,0.6593325343329366
25,0.6506593932069735,0.6178122381169984,0.6609521565179912,0.6612988160189327,0.6627475198063619,0.6710053502916806
26,0.6388437087065069,0.6171447728660121,0.6596920335705102,0.6602816433606538,0.6627772135996975,0.6670894193961125
27,0.6297109855673183,0.6027513942894819,0.6292020050971362,0.629081781859083,0.6249700460400783,0.6453201568333524
28,0.6518794173284633,0.6241006052975792,0.6713664875232722,0.6714221338137601,0.6750985938459159,0.6827969841045117
29,0.6414556484591477,0.6123966928995399,0.6601253758601462,0.6606792980084175,0.6583877674837824,0.6674765287109254
30,0.6396228970224185,0.619093422870153,0.6753813817637412,0.67517848274063,0.6737058951088939,0.6758177256215195
31,0.6500232417883068,0.6138442224981141,0.6636203375029492,0.6646464844554754,0.6622715387104238,0.6725823844823973
32,0.6561408704449354,0.623637387458316,0.6685668872400344,0.6691400895310148,0.6690308836953275,0.6812993731100402
33,0.6356112727882769,0.6214700599974226,0.6571280769698281,0.6578128613271196,0.6573758319779669,0.6648136474484833
34,0.6396260722417878,0.6049053914082493,0.6664963098323006,0.6663344418369558,0.6626593633568946,0.6707090398607999
35,0.6489927756044942,0.6148609898213269,0.641047159879516,0.6420459719570062,0.6421818419236227,0.6586888738652552
36,0.639636787757723,0.6110520319567156,0.6565239019512821,0.6569828487597614,0.6542386560721626,0.6675658059859431
37,0.6576896952850806,0.6258654553270627,0.6558147808140184,0.6578432643067231,0.6594985827163274,0.6675906461930323
38,0.6443827390223279,0.621606360787221,0.6502133175227204,0.6508738207527304,0.6473102922303545,0.6617676717383721
39,0.6200923765022666,0.6076487786722813,0.6410221944384074,0.6392460368128826,0.6325543436089439,0.6483098443359673
40,0.634945023402924,0.5977444914836948,0.6539278704918696,0.6548194105139096,0.6547461644839974,0.6595367452014192
41,0.6507074648785293,0.6125999251411279,0.688060096132551,0.6881727312137887,0.6881894680758979,0.692222867878823
42,0.6581158488110196,0.6201921993196059,0.6523698569032272,0.654376646488137,0.6532845074642776,0.672492850858313
43,0.6549819825103107,0.6184902820038941,0.6570258920968338,0.6583246505270187,0.6588991742577054,0.66782996163743
44,0.6283083606272966,0.6090666237388872,0.6471330958259858,0.646842549152165,0.6427661430196586,0.6550081551229429
45,0.6445375983087898,0.6161206519062951,0.6580358426317713,0.6582996239949355,0.6567848304204792,0.6656132722239266
46,0.6305005223649448,0.6081586192323816,0.6358181183854686,0.6365029371362962,0.6360328684381559,0.6477069185928094
47,0.6405505179281545,0.6117333302995984,0.6487883554165668,0.6480681166689618,0.6476721079759132,0.6572497148165861
48,0.6414846671801744,0.6157935857935103,0.6511036011035208,0.6487057201249774,0.6461108661412466,0.6612690733975003
49,0.6397764248578444,0.6096837300590671,0.6639719971072288,0.6619024725948759,0.6585201481747192,0.6715043933796602
50,0.6442528696516852,0.6067479874018733,0.6643442060801054,0.6648045991229401,0.6655591295995517,0.6699954632421308
51,0.6543163416486059,0.6196107529045423,0.6883761565857257,0.6875500971069131,0.6863552787159511,0.6891630096212747
52,0.6489950422148593,0.6179404552013684,0.6557288170201254,0.6554415076241019,0.6575546160458581,0.6658167821922207
53,0.6515486946893405,0.6198334440791577,0.6640897356799216,0.6662459369929619,0.6686866161316576,0.676352606046603
54,0.6279222848840683,0.6111557316683793,0.6547177681139505,0.6529388245349415,0.6485613219557781,0.6601118381274914
55,0.6570813655805015,0.618766472579907,0.6807993404511248,0.6810709582390345,0.6820076654200568,0.6867286566550397
56,0.6493722975553358,0.6229149806997475,0.6770851927059274,0.6775391044429576,0.6781490556322705,0.6832420260821317
57,0.638067781211622,0.6125779457557483,0.6467986017406756,0.6460269598568484,0.6452461890443432,0.6549616370910104
58,0.6345878135091403,0.610134569882686,0.6408962567345011,0.6445579152812018,0.6411448497241056,0.6542744417862517
59,0.6588776459971184,0.6188238070228307,0.6866554280065004,0.6874052896451969,0.6871801790733197,0.6945346269347258
60,0.642362292730217,0.6159238424411178,0.6623230027447738,0.6625451055537843,0.662667273307567,0.6669173908809564
61,0.6434982588222121,0.6140546520490836,0.650787211445768,0.6540686463930927,0.6587407968419872,0.6662121403501036
62,0.6284106983058345,0.6103686918470986,0.6558516025523653,0.6537958007425511,0.6515221773524452,0.6596969517026307
63,0.6392724607638399,0.6177597365480219,0.6458004284201289,0.649085428992904,0.6568365254416612,0.6659923281729568
64,0.6433437302309926,0.6205542159273947,0.6611615142400205,0.6626688586293504,0.6620698171445246,0.6686213334753192
65,0.6290822472041648,0.6020788858198353,0.6263576756544104,0.6309111949108734,0.6338439636958157,0.6438771358808101
66,0.6568211559286139,0.6329231521074623,0.669778055078266,0.675598126521401,0.6757886466827947,0.6856716263367645
67,0.6448480090018782,0.6110717415735386,0.6647458968268898,0.6641960381411747,0.6619253606714736,0.6720598717494904
68,0.6277399257428469,0.6120280016159836,0.6467263765388352,0.6471074106693677,0.6423548795141418,0.6558518481220603
69,0.6313178773599469,0.6131923262717047,0.6433861887544234,0.6433556925554559,0.640557947473234,0.6485710640214265
70,0.6276679150325523,0.6023061878774748,0.644689385193349,0.6466941931582431,0.644946465136668,0.6521287110751488
71,0.6544263427064846,0.6239549989227665,0.6590722223948345,0.6591791687831869,0.6592482646720135,0.6713554968457878
72,0.6508813286018271,0.6305728545839429,0.6968339671575232,0.6970632363340481,0.6968999786626023,0.6981366617004665
73,0.6428821422291451,0.6156993069148317,0.6477313269649153,0.6501149580963121,0.6495398788394021,0.6602015172767312
74,0.6454076104672375,0.6154408785946205,0.6626978311718144,0.664320865796381,0.664412764059531,0.6693221244310402
75,0.6456905340295528,0.6133829582504753,0.662090236222677,0.6656920593584978,0.6677341164669764,0.67722118797856
76,0.6392731300658578,0.6098951644596432,0.660134534209291,0.6589109048877942,0.6567245113458797,0.6658871394094722
77,0.6525902443457559,0.6196900315894809,0.6500809796638217,0.6536840274193472,0.6543236865763035,0.6626004160492052
78,0.659842393078531,0.6288295277396662,0.6765398801241292,0.6770198653452135,0.6776590493289256,0.6878179764392482
79,0.6502983863209911,0.6158344904973381,0.6743993970220414,0.6750448053743936,0.6752491031376598,0.6797552649389605
80,0.6441483246959587,0.6216613353678055,0.6591160176691537,0.6640375235769101,0.663497312754562,0.6758217374142526
81,0.6302987201745807,0.6052987098972802,0.6425292149523362,0.6415636003377082,0.6395392969521639,0.6489571347854968
82,0.6439385749277979,0.6155722827324138,0.6676191633939222,0.6675882164610296,0.6674106306555975,0.6736779842993286
83,0.6388290593592333,0.6124618074184893,0.6681870518976252,0.6664882352015358,0.662517721353253,0.6712094543675705
84,0.653025702670549,0.6086465307850749,0.6630756402355035,0.6633979085391388,0.6610563599443059,0.6716559023625838
85,0.6309803868298731,0.6000426169674163,0.64265209328446,0.644240003500954,0.6451798571785174,0.6515577652613288
86,0.642582989550275,0.6097924438372083,0.6443846212348703,0.644335504952116,0.644878414139353,0.6545247163295304
87,0.648899904183091,0.6209770785326821,0.6601061758200061,0.6598665970149941,0.6594248738483748,0.6721528791172895
88,0.6431987012713094,0.6227070834757344,0.6652721383018174,0.6669586857900828,0.6663965762688185,0.6735211491036477
89,0.6322184109029645,0.6127076022495433,0.654895222644479,0.6521695402164308,0.6485725787482025,0.6588244862554677
90,0.6559778799587533,0.6248509441955828,0.6574915463953326,0.6571139721591629,0.6577439254723293,0.6703133313463278
91,0.6401826719233766,0.618483207153204,0.6533393363017721,0.6513886916990059,0.6490379736149146,0.6601243081181463
92,0.6284941904056082,0.6094841312036661,0.6524463876434622,0.6526035256989975,0.6501990735822929,0.6592783450095937
93,0.6304355033198142,0.6101702682593529,0.6393281232780895,0.6393345308834805,0.6404761762649869,0.650125976003205
94,0.6557684167473228,0.6234937567269259,0.6747606260050849,0.6756322828390086,0.6735029064883452,0.6838502838598153
95,0.6420242512579328,0.6071069912563758,0.6527227361240614,0.6520713232066842,0.652751884894666,0.6601856051428701
96,0.6559672313725986,0.6270407856850303,0.6787556550262749,0.6785963307638742,0.6782962434900074,0.6883347985653895
97,0.6453610921129798,0.6091102729831417,0.6692355367171139,0.6694618481798104,0.6701181034786299,0.675161371805986
98,0.6522157083091892,0.6148905284886934,0.6808039421824121,0.6825826023324455,0.6829497658687641,0.687015481963379
99,0.6521013616411503,0.6228903656488003,0.662467443802621,0.6624027436838033,0.6621045922131922,0.6699294476620002
100,0.6279481746479971,0.6037322442450069,0.643504222937234,0.6417824472721347,0.6362974924989204,0.6479267326937816
101,0.6642707252053891,0.6269974396499615,0.6781123700972617,0.6827740102462033,0.6815423587997923,0.689868917003967
102,0.6478889428713541,0.6147081183272166,0.6602966888967784,0.6606888293211943,0.6599452595414017,0.6679324369773173
103,0.6425884890821513,0.6018059506211909,0.6393863692473144,0.6371950245365172,0.634875699824192,0.6490788878308538
104,0.6560227825612944,0.6241151649801295,0.6808470006241656,0.6828920204320538,0.6817879849338428,0.6911881085735005
105,0.6520219923425722,0.6121920881603423,0.6899138778216793,0.6890008541770191,0.6873775382298031,0.6928335638712843
106,0.6380989732227055,0.6137361611177818,0.6501577500466388,0.649510828314558,0.6473642446395659,0.6570658487118198
107,0.6322130868242682,0.6131179762894644,0.6418328878586077,0.6398312868280068,0.6362841844929399,0.6490967288804816
108,0.6585480371811951,0.622117394886515,0.6758985305975111,0.6758411721089627,0.677588865080435,0.6854455492898366
109,0.656625891295895,0.619746540929298,0.6892389786284193,0.6900629121500548,0.6879793543245359,0.6923165542202415
110,0.6541287194164624,0.6159812934336582,0.6650527895350781,0.6654031383216448,0.6670963832009571,0.6720775956165804
111,0.6566670019071165,0.6220825877319022,0.6597536944633798,0.6610877681346543,0.6630867731689897,0.6718669036644496
112,0.6577344579999715,0.6195721581681213,0.6740789197636768,0.6750217626081556,0.6748286376205627,0.6829027372354984
113,0.6459500551394767,0.610427758191588,0.6595429277333288,0.6592922484427465,0.6583138049322721,0.6678256075448402
114,0.6459042560775252,0.6134904408451535,0.6577447944537667,0.6575576251372974,0.6556985339567806,0.6681786903137901
115,0.6564165283554093,0.6173136836397441,0.6781261581132112,0.6796427034279339,0.6797132958612658,0.6834152444413883
116,0.6363509501345738,0.6092654085853196,0.6503438054420795,0.6521418370978542,0.6529711646648816,0.6606049816646908
117,0.6414389105190715,0.6208453783649421,0.6703967329407983,0.670439372660818,0.6689441684293003,0.6750286402134232
118,0.641244977826748,0.6137925472643518,0.6573692626646577,0.659234531015293,0.6568493720232399,0.6680846390646872
119,0.6446003872081255,0.6173031315446971,0.6565127395056813,0.6590614921085233,0.6597709975591786,0.6653643657744586
